date,gdp_growth,inflation,interest_rate,unemployment,oil_price,fx_rate
2025-03-12 07:06:18.704591,2.2483570765056164,1.7191456696799146,3.0783381020390728,4.9515700519348504,79.30772008008113,1.0588388129913882
2025-03-13 07:06:18.704591,1.9308678494144076,2.1568647372672918,2.6086508889539872,5.047181114189654,73.87850881855317,1.028192018451143
2025-03-14 07:06:18.704591,2.3238442690503462,2.0088146805472564,3.163301102285789,3.8010795892807354,78.95488371356987,1.0782186475949254
2025-03-15 07:06:18.704591,2.761514928204013,2.0683732689841823,2.3189665583048638,5.549796604821489,75.7473977289535,1.0480282373543148
2025-03-16 07:06:18.704591,1.882923312638332,1.4588931513011736,3.4116622549302575,5.207893085538796,77.09738275097638,1.050376992458897
2025-03-17 07:06:18.704591,1.8829315215254097,2.01715712198126,3.189038992965217,5.598806065915792,82.94289202210305,1.0641642884651312
2025-03-18 07:06:18.704591,2.7896064077536957,2.348598803871815,3.1024118937255505,3.2622467730837865,88.34952252175702,1.05466432262527
2025-03-19 07:06:18.704591,2.3837173645764542,3.0158005254565294,3.3930763935782053,6.253024822868436,81.9733576491149,1.069062732678265
2025-03-20 07:06:18.704591,1.765262807032524,2.671489578259645,3.6661897777850307,4.916246223106896,74.02058468982408,1.0557424833040365
2025-03-21 07:06:18.704591,2.2712800217929825,3.507227720258089,3.4057480260072523,5.66490969004251,82.22301334110071,1.0377512525071912
2025-03-22 07:06:18.704591,1.7682911535937689,1.4628567059783655,2.263650307467342,4.376056443724681,85.98315743322826,1.057230070504122
2025-03-23 07:06:18.704591,1.7671351232148715,2.6106244457044747,2.4881692133057194,5.367664343037542,76.95108547840309,1.0271254758535868
2025-03-24 07:06:18.704591,2.1209811357830173,2.128339404016846,2.7500725689217287,4.367950662095806,79.3299141666354,1.0521711941155305
2025-03-25 07:06:18.704591,1.043359877671101,3.5328620532523702,3.0104364200843334,4.625738623582517,80.07344097364599,1.049335400187111
2025-03-26 07:06:18.704591,1.1375410837434836,1.434191200251394,3.2070636081876494,6.148418812320072,76.0755084345888,1.0458376628545492
2025-03-27 07:06:18.704591,1.7188562353795136,1.412194710473457,2.709702474738614,4.885590559541992,83.2414021692193,1.0474292497712214
2025-03-28 07:06:18.704591,1.4935844398327882,1.5804251481891844,3.0747067057908315,5.130459723907833,79.3952592569611,1.0123630190900472
2025-03-29 07:06:18.704591,2.157123666297637,0.5132729929831352,2.697846827058671,5.5220406384132525,82.09766221953514,1.0390255018451808
2025-03-30 07:06:18.704591,1.5459879622393946,1.6319714848234672,2.755392878803221,5.297409132783563,75.5625391109895,1.0518568980228222
2025-03-31 07:06:18.704591,1.2938481493323541,1.4686071369124116,2.437335561260711,5.090251343086146,77.81270849838295,1.0531971278399481
2025-04-01 07:06:18.704591,2.732824384460777,2.105275650533345,2.6307067015556385,5.218976601479735,83.61190678913886,1.029446497181481
2025-04-02 07:06:18.704591,1.887111849756732,2.2392291830440114,2.4593261577534666,6.442049351142965,78.13583423954117,1.0753141568172941
2025-04-03 07:06:18.704591,2.033764102343962,3.3133195874511205,2.609650698809067,4.9654287217798485,88.63481925616702,1.0326765030357101
2025-04-04 07:06:18.704591,1.2876259068932716,2.665296686730235,3.4214567186431357,5.12065942802898,78.00181907192699,1.0693891440105348
2025-04-05 07:06:18.704591,1.7278086377374087,1.5961674410363178,2.620240444467223,5.630392637604567,81.12342362875943,1.0585438872374338
2025-04-06 07:06:18.704591,2.055461294854933,1.3711097300561494,4.052952825934956,5.66331555977479,84.66295415936546,1.037075453803124
2025-04-07 07:06:18.704591,1.4245032112888487,2.344343420054554,3.197327160352356,5.712218183336228,72.90817133533484,1.0855062178521904
2025-04-08 07:06:18.704591,2.1878490091728358,1.0758367550855505,3.0739344494779495,5.38323813321751,71.19595594009613,1.0261272633648704
2025-04-09 07:06:18.704591,1.6996806550405976,3.282021136098048,2.6566568879275145,4.31419705236171,72.37171842714953,1.0683830834722001
2025-04-10 07:06:18.704591,1.8541531251033616,2.8256080845049008,3.2801239517635965,5.9800589193806575,86.31292051713591,1.0700116463608595
2025-04-11 07:06:18.704591,1.6991466938853015,1.6715770435267068,2.7697448695048905,4.312192764188787,77.24070927053776,1.0365875958184672
2025-04-12 07:06:18.704591,2.926139092254469,0.8008058296363858,3.0488039258581447,5.18158127914342,92.79099642834126,1.0778493060012866
2025-04-13 07:06:18.704591,1.993251387631033,2.9477106619157887,4.024033815307518,4.547434489988385,77.17876200671306,1.044999069708021
2025-04-14 07:06:18.704591,1.4711445355220498,1.9198221083231675,2.96157604011014,4.961516992044205,80.92275651598518,1.0557738725855972
2025-04-15 07:06:18.704591,2.4112724560515946,2.866471418381423,3.4597093305142703,5.197257446182088,87.71054976283938,1.0552064367754244
2025-04-16 07:06:18.704591,1.3895781750144889,0.8839006388439432,2.718729429949645,5.192814329270163,90.03046444079561,1.0473138251705891
2025-04-17 07:06:18.704591,2.104431797502378,1.580437483932359,2.986004603801215,5.253152452541171,90.30751788318199,1.0662161654631956
2025-04-18 07:06:18.704591,1.020164938060112,2.003670589802728,3.708320254254204,5.968226761435188,86.04183115296571,1.0658697744110444
2025-04-19 07:06:18.704591,1.3359069755507846,2.0328864156353195,2.749213176884893,5.272120580908388,85.12031262905731,1.0150293605352365
2025-04-20 07:06:18.704591,2.0984306179345618,1.6849541699645294,3.7249794231987714,4.853506018825611,82.96263474600592,1.0760868048575631
2025-04-21 07:06:18.704591,2.3692332899977053,2.435994952643249,3.28310077418219,5.578452300973014,83.89180538083319,1.0167501602392865
2025-04-22 07:06:18.704591,2.085684140594985,1.252665699432184,2.7750132896422928,5.713682293354784,77.24407141835734,1.0706509240868332
2025-04-23 07:06:18.704591,1.9421758588058797,1.9003343604850946,3.252963095622208,4.263435310917805,75.90900558288847,1.0725341027365518
2025-04-24 07:06:18.704591,1.8494481522053556,2.084206942198329,3.389021779850692,5.3584400419099145,79.98312771294523,1.028180671395696
2025-04-25 07:06:18.704591,1.2607390048162863,2.3601071838411243,3.2487239848868787,5.420703645386539,79.14907688737536,1.0417837142409083
2025-04-26 07:06:18.704591,1.6400778958026456,2.498130414662223,2.3719101120438175,4.821461897984005,77.73385975336362,1.0278859066302812
2025-04-27 07:06:18.704591,1.7696806145201063,1.2127505357134916,2.7091451296700524,5.825424087986971,83.48193723728357,1.0457015793942253
2025-04-28 07:06:18.704591,2.5285611131094576,0.9261200804850644,2.900992545779398,4.909966647780484,84.77652604285255,1.0438393143162852
2025-04-29 07:06:18.704591,2.1718091447842305,2.8943737753289565,2.9702266283599816,5.075345872082925,80.44203443145923,1.065593210645387
2025-04-30 07:06:18.704591,1.118479922318633,2.232619808385714,3.2482688390202714,4.896156905429678,87.3876504052763,1.0762061749223921
2025-05-01 07:06:18.704591,2.1620419846973977,1.4760594244104124,3.0710804003733014,5.009347428548881,74.29155442933248,1.0779136762157993
2025-05-02 07:06:18.704591,1.8074588597918417,3.085806382865766,2.4658622565159596,4.342234947862879,79.03170270360141,1.038756639468434
2025-05-03 07:06:18.704591,1.6615389998470207,2.080972244005001,3.1520791404023853,4.135969470443423,76.41588839698598,1.0458155625251095
2025-05-04 07:06:18.704591,2.305838144420434,2.8255080288446783,3.244234298113529,5.956703037934983,70.6673169146347,1.016331236155581
2025-05-05 07:06:18.704591,2.5154997612479755,2.0472629369870763,3.223916179172416,4.491823191009003,79.5865965707865,1.0338825986700764
2025-05-06 07:06:18.704591,2.4656400595580994,3.442523547417391,3.432312290221849,4.4051645903262155,79.39126245808359,1.069297032661949
2025-05-07 07:06:18.704591,1.5803912383886807,3.228738589710243,3.3335688618195616,3.707965931837771,87.56724871621066,1.0823116564709647
2025-05-08 07:06:18.704591,1.8453938120743927,1.8257250960646485,3.1836720316913745,4.616622951386299,83.15405842277389,1.0253130225624016
2025-05-09 07:06:18.704591,2.165631715701782,2.680099665668049,2.971933715416541,4.206146123955501,74.87906587835397,1.0381507148169422
2025-05-10 07:06:18.704591,2.4877725635611796,2.4517631647096034,2.3356156265936034,5.985209096081821,89.27046283167094,1.0494718848608215
2025-05-11 07:06:18.704591,1.760412881077355,2.958042090272644,3.1718472876530344,5.605890253605581,86.10516847762676,1.055603223176392
2025-05-12 07:06:18.704591,1.9071705116680915,1.3245535775939268,3.0830750748652447,4.587109792893366,82.91048851734308,1.0338079296015672
2025-05-13 07:06:18.704591,1.446832512996986,2.4802360219989072,3.1086315348781492,6.351461483206585,78.86757950575084,1.0584812208892818
2025-05-14 07:06:18.704591,1.4018966879596646,2.7408971407947114,2.489300569671876,5.589059292194957,75.2028038163826,1.0405232130585818
2025-05-15 07:06:18.704591,2.406262911197099,0.7688823595038201,2.567577383836695,4.805101169894827,78.13896611964473,1.0497109545824344
2025-05-16 07:06:18.704591,2.6781200142854114,1.1717190411339575,3.4212611413331615,3.500356571075856,85.44374309852093,1.0609256849600741
2025-05-17 07:06:18.704591,1.963994939209833,0.5725374755679298,2.984177938457338,6.374565543554445,89.42293152967305,1.0501284453962187
2025-05-18 07:06:18.704591,2.501766448946012,1.8114152158888095,3.27260027894905,4.166256519941842,87.71621764136094,1.0412722821894687
2025-05-19 07:06:18.704591,2.180818012523817,2.5022795790571735,3.0113273504521842,4.012760751825865,77.55575289106864,1.0478078039214835
2025-05-20 07:06:18.704591,1.6774401226974378,3.0516499364672196,3.0119024557982983,5.613542259205784,74.40191283355495,1.0482327408158933
2025-05-21 07:06:18.704591,2.180697802754207,2.0518663462938425,3.375313522390399,6.463851443803564,80.70443123455603,1.0425997794023576
2025-05-22 07:06:18.704591,2.7690182832329846,3.1400308818999045,2.7935821087130503,5.830563691106311,71.15780317218574,1.044824078746658
2025-05-23 07:06:18.704591,1.9820869804450243,1.033928979249576,3.0384483107763933,5.338345472031416,81.61583857092391,1.0819729434100944
2025-05-24 07:06:18.704591,2.782321827907003,0.8076322924513919,2.815089884517983,5.356852604999172,79.26198706850666,1.061218388958825
2025-05-25 07:06:18.704591,0.6901274479551278,1.9611166107723668,2.8262015090270736,5.512049335268185,77.66981749065879,1.0440903936394168
2025-05-26 07:06:18.704591,2.410951252187612,2.268845814257515,2.876331150612544,5.455357153872059,72.02648466366603,1.0639390880902146
2025-05-27 07:06:18.704591,2.043523534119086,1.9771136763341348,3.088853508653485,5.1687148543816255,82.56800053284859,1.0433236102048797
2025-05-28 07:06:18.704591,1.8504963247670663,0.5527905299720866,2.808500551334609,5.062520662371126,77.33649580169045,1.0734624927517329
2025-05-29 07:06:18.704591,2.045880388267751,1.9376159723410482,3.5023024502294082,4.962444123260287,74.15041582144856,1.057392843843962
2025-05-30 07:06:18.704591,1.0062155426995536,1.0868713496466027,2.6421570791121987,4.547621246679994,65.63868893359175,1.0478539571199155
2025-05-31 07:06:18.704591,1.890164056081244,2.468770784181027,2.9252513423354563,4.831594953879936,79.86242547474681,1.0589543385162057
2025-06-01 07:06:18.704591,2.178556285755873,2.2566187722677937,2.82410757669033,3.9842259114827687,88.86125798334872,1.01858247695863
2025-06-02 07:06:18.704591,2.738947022370758,1.3420841495708513,3.578791153741493,4.94099622392315,88.30629607273934,1.027464650621804
2025-06-03 07:06:18.704591,1.7408648908631763,1.6402931578643145,3.07862191060463,4.406845335709449,77.71451871706864,1.026121499872019
2025-06-04 07:06:18.704591,1.5957531985534061,1.258550534677734,3.412737815787454,4.337846409670537,76.9889396981911,1.0528588618952741
2025-06-05 07:06:18.704591,1.7491214782077318,1.9561246319087797,2.4057758507852114,5.107936490692087,82.34387128037511,1.0846502999897019
2025-06-06 07:06:18.704591,2.457701058851037,2.6685996243508665,3.1068201063477034,5.835201371806759,75.00807280405854,1.0946260029238526
2025-06-07 07:06:18.704591,2.1643755548298422,1.3099917675651196,3.355852318249375,5.5509899636013875,81.50895949909733,1.0627610220288153
2025-06-08 07:06:18.704591,1.7351198981164806,2.352832560862491,3.03291359571017,4.057699637826094,83.83040139192344,1.0600168894988893
2025-06-09 07:06:18.704591,2.256633716556678,1.6288196671392914,3.4261921500261403,4.406223118057797,86.13466611942154,1.0139788453169452
2025-06-10 07:06:18.704591,2.0485387746740202,1.444989017416359,2.793084619959851,5.564462712792929,79.49922961760024,1.0391465240053197
2025-06-11 07:06:18.704591,2.4843224952664444,1.9250787480318095,3.563738976074232,4.410507563877014,78.98163124911517,1.0342443249618352
2025-06-12 07:06:18.704591,1.6489734530613238,1.2753303743064381,3.9195592494477003,4.865220110001785,75.61008706621719,1.0375830480349777
2025-06-13 07:06:18.704591,1.8361689267011159,1.6124454862569726,2.8548645758241364,5.330031259414731,75.8655982298007,1.0466371236283043
2025-06-14 07:06:18.704591,1.8039459234339212,1.161485475187806,2.8217989914396915,4.418993327081819,78.86760554049236,1.0405581884460575
2025-06-15 07:06:18.704591,1.2682425259339407,3.375307593041472,3.5813537908470803,5.063225303687576,81.8368275340809,1.0104140037924842
2025-06-16 07:06:18.704591,2.148060138532288,2.02468448638021,3.631828858292285,4.199584703049077,84.56792313116625,1.0649582051223507
2025-06-17 07:06:18.704591,2.1305276360899446,1.51019214440519,2.790855989138693,4.639179413629272,75.98410524659828,1.0285451394852039
2025-06-18 07:06:18.704591,2.0025567283212307,2.1497859375139554,2.831925273161657,5.191869160485522,87.46344284479761,1.0547849372822231
2025-06-19 07:06:18.704591,1.8827064333124266,1.9213703652164191,2.8872861564557972,4.044203759880999,78.64438199478715,1.0914816533949996
2025-06-20 07:06:18.704591,1.2923146289747929,1.8453212803267438,2.462219795586289,5.264284842776239,79.89316352825782,1.0316123081682715
2025-06-21 07:06:18.704591,1.7896773386173206,2.4299166900303977,2.632539221406321,4.988217320643991,76.26394160426088,0.9993942495450735
2025-06-22 07:06:18.704591,1.8286427417366153,2.5302553970331134,2.5983436932991726,5.331493972650288,67.8787986986353,1.0442799155623979
2025-06-23 07:06:18.704591,1.5988613653891905,1.6286491966726309,2.6928809739583484,5.134348480438796,84.42022698180524,1.0720191926999714
2025-06-24 07:06:18.704591,1.9193571441669954,1.596927231548724,2.9861260450452876,5.818484257984307,83.68421948546217,1.089166949084412
2025-06-25 07:06:18.704591,2.202025428407269,1.8074638119938493,3.0936858930146083,5.075134701588745,78.59336221440893,1.0254090081109517
2025-06-26 07:06:18.704591,2.943092950605265,0.38865518468509075,3.620200197125631,4.7423566753248485,80.33495358612436,1.0599339844647304
2025-06-27 07:06:18.704591,2.0872889064159197,0.9393662564610135,2.6006583837044834,5.07337850181937,82.57969608852049,1.040693790864399
2025-06-28 07:06:18.704591,2.1287751953613823,2.956811987211167,3.3937289593906335,5.3259788174218325,72.18727071556728,1.0478810329139174
2025-06-29 07:06:18.704591,1.9627770421169164,3.1514773994508984,2.9144044623097964,5.029316042195423,77.35473661326853,1.1028868669403407
2025-06-30 07:06:18.704591,1.0406143923504794,1.825674772310535,2.9802145161390268,5.024355014722329,83.97132339810913,1.019940593432097
2025-07-01 07:06:18.704591,1.9867430622753917,2.4035898741390365,3.2699277968666416,4.578804987315947,73.72855288415376,1.0550747932298916
2025-07-02 07:06:18.704591,2.030115104970513,2.217875108180475,2.5509111913750804,4.602259449469431,81.46778966083315,1.0593538634353088
2025-07-03 07:06:18.704591,3.231621056242643,4.155216565918666,3.15296389847362,4.158436836920184,73.21709097688297,1.0717157264987869
2025-07-04 07:06:18.704591,1.9038195176094388,2.7837024380042035,3.0665808832852224,6.049746045912164,82.33214991216764,1.051959663069418
2025-07-05 07:06:18.704591,2.150773671166806,1.9104576859634634,3.1969805056032596,4.253682058765229,79.82179258851258,1.056161010790082
2025-07-06 07:06:18.704591,1.9826441151473784,1.331121691579702,3.115667457563127,4.584256881322456,71.92434092047245,1.0421670286515643
2025-07-07 07:06:18.704591,1.4156609811902339,0.8754875758196994,3.9821200559643577,4.568955640658482,85.82369677228586,1.0553825388249023
2025-07-08 07:06:18.704591,2.5714114072575103,2.142424545107056,2.744904006299474,5.536954626166665,76.32704211600975,1.043136154490052
2025-07-09 07:06:18.704591,2.375966516343387,1.4705544783009876,2.787601217999273,4.823030193024783,75.9487378149281,1.0624314377971211
2025-07-10 07:06:18.704591,2.3955159735215235,1.004422403281628,2.750743789430094,5.748645243604241,81.00284598615471,1.0426077932791273
2025-07-11 07:06:18.704591,1.5453062726026305,1.5473989810302315,2.777809152335898,4.595905625453679,85.74318674714358,1.0575420078780438
2025-07-12 07:06:18.704591,2.7013971554680496,1.2429163974699236,2.745045149077393,5.167396497334281,74.92089090510801,1.0494147437263004
2025-07-13 07:06:18.704591,1.2990744686038596,3.1809991445507952,3.4756066124430207,4.498791768044145,80.30839924923986,1.0725210050154435
2025-07-14 07:06:18.704591,2.293428546900135,2.6171478298646154,3.568201699195942,6.287089476664033,82.14408250165286,1.0489721255282303
2025-07-15 07:06:18.704591,3.095227812904989,1.9944191510783678,2.7717014825002093,4.287440948582292,83.46552803631572,1.0145393506358624
2025-07-16 07:06:18.704591,1.5047318374346559,3.035960897223018,2.6670577707583085,5.185892426136217,80.88220777638612,1.0752384300142799
2025-07-17 07:06:18.704591,1.716851135198614,2.054157815353333,3.1885662225545617,5.380266128559259,78.16486080458338,1.0318853539827477
2025-07-18 07:06:18.704591,2.049825682543821,1.3971010590702155,2.7791107822876113,5.248279458470899,75.8620488967564,1.0369246732270236
2025-07-19 07:06:18.704591,1.7482621729419003,3.06618685408876,3.2531727271022044,4.888827404673375,80.43071941523188,1.0380867741191302
2025-07-20 07:06:18.704591,1.2246682844669337,2.377237030579261,3.08116920834052,4.9221075801599445,74.63930494007197,1.0774887618634164
2025-07-21 07:06:18.704591,2.0342814874030135,1.2739276919714806,2.3937023540011073,5.026286883187466,65.39324758252697,1.007286515720426
2025-07-22 07:06:18.704591,1.4688481431369476,1.8667629253414744,3.6190020805320247,4.911798799022907,82.18279902078834,1.1127549706731998
2025-07-23 07:06:18.704591,2.236796215317591,1.38706722263067,3.7183510692382087,5.578327470076946,84.51967420543097,1.071121136181321
2025-07-24 07:06:18.704591,1.5402878828830984,1.0320401883249648,2.7548845238062456,6.326313800954811,68.1853378222908,1.0544647782825833
2025-07-25 07:06:18.704591,2.77496720250877,2.648324283272149,2.844919376025606,4.6655049289953,74.95134647645031,1.0489021199876742
2025-07-26 07:06:18.704591,1.6083733538318814,3.336591648329091,3.114346156289962,4.178118212252553,83.09577130502599,1.055711081497153
2025-07-27 07:06:18.704591,1.8389692418971622,1.0210026983266012,3.13378271599481,4.947030770989247,90.2874773485585,1.0604224485675868
2025-07-28 07:06:18.704591,2.406758608684835,2.3940784656833998,3.2634177090691323,6.547825602592591,80.10396853837705,1.0629043117190011
2025-07-29 07:06:18.704591,1.3845678417830225,1.5445502016147212,3.8040818155065397,4.517795259218161,76.35998529385432,1.061112089320069
2025-07-30 07:06:18.704591,2.113729967302065,1.6590122313647129,2.92922110900238,5.9834700832664405,79.0855177944758,1.051791613625105
2025-07-31 07:06:18.704591,2.653571377141214,1.5853242530327916,2.6806811021846184,6.006620488445864,86.87438209574093,1.0460532315938535
2025-08-01 07:06:18.704591,1.1962583827193862,1.3952064612241288,2.448272308794189,4.667847054975203,76.77017910437732,1.0469745343269299
2025-08-02 07:06:18.704591,2.0923169292661523,2.0339651395613787,2.7076279840232322,5.341389847511165,76.00403996674873,1.0461018343929465
2025-08-03 07:06:18.704591,2.129941397124212,1.4183349185122736,2.986749210850481,5.977037973877123,77.58628238908983,1.0726754019373412
2025-08-04 07:06:18.704591,2.390911435888655,2.189319778045887,3.717823145407115,4.7725233554075075,75.23335695870644,1.0618711344456173
2025-08-05 07:06:18.704591,1.381524644560959,1.9648333233856041,2.7929554803855314,4.877851783938583,80.61335157997398,0.9911922273067144
2025-08-06 07:06:18.704591,1.3397716934578618,1.832736367193513,3.0895151806555594,4.650991451630814,88.1233922923478,1.0631180155305953
2025-08-07 07:06:18.704591,2.2609707828084487,1.3647054365708815,2.9934308415708992,4.39114596158428,81.61539636558014,1.0538947238943754
2025-08-08 07:06:18.704591,2.148492336616593,1.596260068602167,3.4753573093792336,4.610433472960396,78.73823248936856,1.0496258248710821
2025-08-09 07:06:18.704591,2.1252464251729384,2.5287738580780292,4.010772970349449,4.265635839942646,78.54094365542228,1.0422296309382224
2025-08-10 07:06:18.704591,2.173224104748488,2.3506420313370664,2.7876524908318716,5.020450080955536,72.18404595651671,1.0724822543997203
2025-08-11 07:06:18.704591,1.6599876392107547,1.3157113286410143,2.804224222992711,4.538016061364815,84.4155488857358,1.0689505292424573
2025-08-12 07:06:18.704591,2.116126848580502,2.069532613800458,3.417664350827629,5.140271547074448,79.610814014936,1.0345424466435278
2025-08-13 07:06:18.704591,2.146536236649341,2.525970986360252,3.2727565958505247,4.066462612277824,79.09760043204687,1.0581410457424907
2025-08-14 07:06:18.704591,1.642824290986816,0.8314163032150399,3.7386829302944133,5.198528139328674,95.96553783922431,1.0305668653091744
2025-08-15 07:06:18.704591,2.9328872555723784,2.3803521346659546,3.2335712741303855,5.500117376965354,81.49376454182843,1.0224076367042214
2025-08-16 07:06:18.704591,2.2369164604558938,1.5361633687379075,2.856283163685176,3.8037586144571267,76.24104474952408,1.0374656555082007
2025-08-17 07:06:18.704591,1.4043482513986758,2.3994190680152117,3.236261932276924,5.2244339419085435,77.86821201897229,1.0672478694476553
2025-08-18 07:06:18.704591,2.328276804316915,1.4657185904202383,3.4434814322331633,5.736601395483976,85.74222854598378,1.0690625009075219
2025-08-19 07:06:18.704591,1.5126591648863392,0.7365825295348367,3.3281928724789456,4.274215388785277,80.56635205268883,1.060261708401946
2025-08-20 07:06:18.704591,2.393542301871226,0.8607202934817861,3.202909612442919,6.003543432102622,72.80861010841316,1.06450191573696
2025-08-21 07:06:18.704591,2.579297789503702,2.0336594626629676,3.4266698758356617,5.251411405619627,84.59614467287602,1.0603235657422991
2025-08-22 07:06:18.704591,1.5896588408241448,2.1818057512050375,3.467718236178269,4.5769928865449545,76.65927957230502,1.037170368095541
2025-08-23 07:06:18.704591,2.481688064622161,1.366978362426914,3.552863596415011,4.9665385534053765,89.36648888108773,1.058638450893479
2025-08-24 07:06:18.704591,2.206390463468249,2.4470147211441615,3.259483955035857,5.334996147513033,85.40024032857325,1.0660081905045538
2025-08-25 07:06:18.704591,2.411030079997245,0.8369359564117282,2.933152767873258,5.045603234847447,77.76339052170624,1.0650858265962715
2025-08-26 07:06:18.704591,2.9483964913269736,1.9537441409468783,3.058685474573329,5.323253595467822,86.40508180867556,1.073778267429493
2025-08-27 07:06:18.704591,1.8773059419985647,1.1522886601662803,3.482603586603343,4.447595844152381,80.33927755263701,1.0641660769440213
2025-08-28 07:06:18.704591,1.6231319178212553,1.5437147245384886,2.673225731605106,5.101616494421647,84.2638683756111,1.0570289641508317
2025-08-29 07:06:18.704591,1.5552427851872384,2.03317906992149,3.1474693235491604,4.151771301857012,82.42366408647237,1.0714030047663285
2025-08-30 07:06:18.704591,1.5920948575172809,1.3977106443012333,2.8426644750690557,4.93326436319078,75.76821672504563,1.049469574815019
2025-08-31 07:06:18.704591,1.961449145292948,1.7308111190391222,3.011497929173927,4.457655415121126,76.7822508384127,1.0323625069754456
2025-09-01 07:06:18.704591,2.170575987408322,2.704404966450108,3.5113807450429197,4.55868203444614,85.1498040879058,1.0467386607211249
2025-09-02 07:06:18.704591,2.1383453996650097,1.5961756913337959,3.0764396272079613,5.741655905126263,78.3261233394673,1.0351019471038712
2025-09-03 07:06:18.704591,2.413591624518012,2.584984478445599,3.0185746192624596,5.654786072356561,77.98175768379002,1.0364964345005123
2025-09-04 07:06:18.704591,2.0065009459389533,1.2092052017396675,2.4560575436080323,5.365482872544306,75.22438710325324,1.0471096265856896
2025-09-05 07:06:18.704591,2.726767038578658,2.370862924540698,3.2985014264108883,4.344612341196453,82.11799532796731,1.0341516015800007
2025-09-06 07:06:18.704591,1.867671583381022,3.0090980344605303,3.25819367245643,4.810154930183119,90.31262459621573,1.0438407694072191
2025-09-07 07:06:18.704591,3.3600845832948094,0.2698488499108975,3.865301889322184,5.72785861998751,74.66233542872864,1.0121277066609244
2025-09-08 07:06:18.704591,2.312833673882503,1.4421733211706664,2.8768887060187995,5.085030148183943,80.1210972833638,1.0542658741474589
2025-09-09 07:06:18.704591,1.5714212217918586,2.403950489026378,3.087660131065576,6.391597723989016,87.06110277707714,1.0500241095072445
2025-09-10 07:06:18.704591,1.464553750969444,1.8578682297699052,3.099753473484302,5.235990703636623,79.60179304377142,1.0336582273786363
2025-09-11 07:06:18.704591,2.2412362076215926,2.259802111359916,3.6309813119053898,5.115229469894019,82.26185898124866,1.0631849133686482
2025-09-12 07:06:18.704591,1.8882686073370745,1.5772103692989257,2.961881787045219,4.814530121478499,74.6880323592656,1.068751402752531
2025-09-13 07:06:18.704591,2.357000247046046,2.06061285123103,3.1116086103081355,5.0801245428693695,82.14153548603824,1.0178488027126205
2025-09-14 07:06:18.704591,2.2366188122867725,1.8910259352255443,3.2431586038866156,4.908518098171673,79.06427867497726,1.0347455044286757
2025-09-15 07:06:18.704591,1.9635855436715637,2.817447443161865,3.0746436492625433,5.424865206013155,84.92864997839932,1.034617153004254
2025-09-16 07:06:18.704591,1.5766031409657975,2.1780945903108493,2.8214265541797885,5.574021390076751,85.93693025782376,1.0312019379778228
2025-09-17 07:06:18.704591,1.2425763876570677,2.2363218634526416,3.077635997159323,4.52840632369523,92.94781821009308,1.066589496838635
2025-09-18 07:06:18.704591,1.7767425239664894,1.7116861237142729,3.429452699943909,4.201260227865333,82.89816586606788,1.046123477224544
2025-09-19 07:06:18.704591,2.428199397161736,1.6586756431492544,2.589393880235576,3.8982767761380224,81.62898158291084,1.0447097031737878
2025-09-20 07:06:18.704591,2.107046872065102,1.6972092685262654,3.05318786965875,5.304794796147526,80.97192150788668,1.009922752711865
2025-09-21 07:06:18.704591,1.377130610644006,2.276116499664808,2.7199516740243306,4.337980036295676,78.23416853594655,1.0627083606041845
2025-09-22 07:06:18.704591,2.086590462925591,1.705310863425816,3.478018651569937,3.7082656442285105,81.69241921730845,1.0252148321029306
2025-09-23 07:06:18.704591,2.1926586898644183,2.202842399827489,2.39072523808649,5.233147162718579,78.52299294930485,1.0511986526053265
2025-09-24 07:06:18.704591,1.5580712818994336,3.4527805590518073,2.7764312610913646,6.495799710459674,80.84230488134807,1.055547538759164
2025-09-25 07:06:18.704591,2.076862552972764,2.6097872924021845,3.150884750025808,4.996357453076064,86.5879876780398,1.077213171916773
2025-09-26 07:06:18.704591,2.029104359223,1.7717835274825111,3.6262096116937363,5.503094464670985,74.96728717360179,1.0238235920176177
2025-09-27 07:06:18.704591,1.4285148510846883,2.8408497455147614,2.973699895570805,5.049097615128539,85.69939280564523,0.9896097568835835
2025-09-28 07:06:18.704591,2.1788936801741414,1.7143472388849141,2.7779201893227206,4.9406662080853145,86.58557533669932,1.053676990895074
2025-09-29 07:06:18.704591,2.280392263184117,0.5733128253755024,3.752462827776236,5.551445889792661,79.40965736504461,1.0860102236302172
2025-09-30 07:06:18.704591,2.5415256215876383,1.2943395823578172,2.4207944398335024,4.825835273486809,69.39072550495703,1.0747789270587889
2025-10-01 07:06:18.704591,2.5269010260174514,0.6904456552819012,2.120477617351967,5.160435388443142,76.96089006452783,1.0541931883054925
2025-10-02 07:06:18.704591,1.3111653160214545,1.7539405611710839,3.176005780021333,5.193018683717608,86.48497273280555,1.040167276287359
2025-10-03 07:06:18.704591,1.5310874800424386,2.0128928654326863,2.7991783102589554,4.599145727814171,79.88565968850558,1.0661424519327463
2025-10-04 07:06:18.704591,2.25751763360433,3.173506118592698,2.591506873147715,5.595225409721913,75.00348883852544,1.0305290760059107
2025-10-05 07:06:18.704591,2.2568929754561045,2.2288491616349138,3.2833425789197412,4.895024145982755,77.47612539385891,1.0595271553871244
2025-10-06 07:06:18.704591,2.257523843153024,1.846629629833795,3.0975202855084794,4.546552904304293,84.20310013252276,1.0601094031833327
2025-10-07 07:06:18.704591,3.9263657453273604,2.5805839068284424,2.7743685477053086,5.321905906142242,82.73366784100689,1.0712041981499776
2025-10-08 07:06:18.704591,2.2854452553465836,0.45220528369448054,2.487878240531642,4.460919210925377,78.80533950415153,1.1051932007782217
2025-10-09 07:06:18.704591,2.5677828200902995,2.1649301906759963,3.348982931312058,5.016908694421477,78.16587794092656,1.0578483193435755
2025-10-10 07:06:18.704591,2.4770008817466014,2.5396056357208767,3.2600804711834646,4.994528602013478,78.0412092547809,1.03982072748585
2025-10-11 07:06:18.704591,2.325695625652899,0.964989627954111,2.960329654488247,5.6515373394989465,75.38794907750749,1.0494885137561603
2025-10-12 07:06:18.704591,1.8423653776798272,2.80062783024485,3.7386547984190663,5.2848189397279715,88.07687844734721,1.0146184819022177
2025-10-13 07:06:18.704591,2.379484610246634,2.2369474852460898,2.571966093469539,4.984983824752914,78.3883976539433,1.036105737378219
2025-10-14 07:06:18.704591,1.613587392731214,1.709298460269439,2.3897899316301046,5.490659779520172,86.08579260412748,1.041814351237738
2025-10-15 07:06:18.704591,1.8815906966299956,2.4429473062743994,2.7232367720475024,5.834124529410388,87.60658025961226,1.039518232041308
2025-10-16 07:06:18.704591,1.7573182260854483,3.589485000463077,2.981765593457801,5.334686183811117,84.9915544907398,1.0530470974406745
2025-10-17 07:06:18.704591,2.0409370696931615,2.1273063785409465,3.0973357797290766,5.006211571906029,77.84189843640976,1.033551601352356
2025-10-18 07:06:18.704591,3.1573292833367543,2.1737544104102353,2.903505576857468,4.212898260589904,82.01865045168304,1.0724206133464895
2025-10-19 07:06:18.704591,1.066367403704126,1.678447370321829,3.140822158605719,4.360931802154776,79.87902196804542,1.050004141298364
2025-10-20 07:06:18.704591,2.3431300951872567,1.4051089413746458,2.4993842303238223,4.816865177387199,75.48149069634935,1.0498139935772277
2025-10-21 07:06:18.704591,1.1936420644051742,2.5812350715809718,3.577505841629304,4.63429267870443,81.62179640860802,1.0434421056697416
2025-10-22 07:06:18.704591,1.7640340671052832,1.400741321863793,2.9671395286429725,4.887817218208732,74.10480104420098,1.0531038136771795
2025-10-23 07:06:18.704591,2.544475298483683,2.050096366053575,3.446918332635251,5.0339899549382645,85.93839694230782,1.0665019652933527
2025-10-24 07:06:18.704591,2.0321400095477316,1.6656397872644184,3.1370901385510814,5.317815652614039,77.67691351350804,1.032657395685782
2025-10-25 07:06:18.704591,1.461127611035347,2.335285878022474,3.1827012876615135,4.957700733164545,81.0057982793642,1.036837670218495
2025-10-26 07:06:18.704591,1.642348145370016,2.2335634737008636,3.2279069120928816,5.291900986295721,81.41643935773071,1.0439254794244668
2025-10-27 07:06:18.704591,2.3397988744673377,2.7262779609805294,3.179083424006926,5.038684648886072,78.70547513147962,1.0230825815305358
2025-10-28 07:06:18.704591,1.6348166841414318,1.6429885208016772,3.257089103947018,3.8147200601876774,82.93346900737637,1.03361484280557
2025-10-29 07:06:18.704591,2.1082292947909873,1.8110875452946402,3.5316610120529726,4.436398763708747,77.62548171688738,1.0404755825291068
2025-10-30 07:06:18.704591,2.022785919951907,1.3148653989523849,3.078608467880588,4.913547466567031,84.35648648728622,1.0674877836142547
2025-10-31 07:06:18.704591,1.6741998261970914,1.688994717946722,3.283601503035405,4.2741831542953355,73.27010159876626,1.0552512265800384
2025-11-01 07:06:18.704591,3.0719720446626626,2.2641103451313964,2.9641057222851095,5.3599572379977225,80.63189789773206,1.0538717982273509
2025-11-02 07:06:18.704591,2.3169595111590056,2.5298920316517464,3.576046886179789,5.918450499406219,89.69464499529143,1.0670179592433595
2025-11-03 07:06:18.704591,0.9874287066711964,1.3544842730756623,2.729443079176292,5.73125711101839,74.99834337697213,1.047252564232012
2025-11-04 07:06:18.704591,2.093227157384714,2.608724144073962,3.7203761731643263,4.871934277441875,76.61127514737575,1.0578092969985777
2025-11-05 07:06:18.704591,1.669106767615806,2.9489465011634657,2.9839368197422624,5.894435682109971,82.56953924829457,1.0479355649413502
2025-11-06 07:06:18.704591,2.426216667398112,2.2894044322565907,2.4276899591527807,5.089200474321267,80.89790890969799,1.0553072469879927
2025-11-07 07:06:18.704591,1.6037396307836498,3.313757068790646,3.0512417659643156,4.797748417329176,81.7531504963678,1.0383448268477684
2025-11-08 07:06:18.704591,1.9426317792665504,1.458347560627499,2.727579337010048,4.631958401875436,82.44593565073832,1.0012236568344715
2025-11-09 07:06:18.704591,2.2524936394902286,1.128741707682008,3.3362574195954897,4.818518188107123,83.17360734280885,1.047314416756274
2025-11-10 07:06:18.704591,2.432877597085061,0.7548958257670051,2.7389504082790435,4.767093908875263,85.54849920978111,1.0784549627219988
2025-11-11 07:06:18.704591,1.3998517964721118,3.047231018042428,2.821526626714088,5.1022497334252925,82.04909328464257,1.068524308044832
2025-11-12 07:06:18.704591,1.8327493820795258,2.45805595944784,2.2441837076217874,5.096344388629919,78.79371172690729,1.0693079496918234
2025-11-13 07:06:18.704591,1.762527344419522,1.9610907303626814,2.8190774723003695,5.001827612092049,83.36286850601365,1.0747226144361244
2025-11-14 07:06:18.704591,1.6733353837131442,2.195978038423874,2.030448269348417,5.26216290184781,89.49940967447608,1.0517731518192288
2025-11-15 07:06:18.704591,2.882727120140548,1.2121576668911365,2.3664388706057107,5.714387764871804,79.33683126808714,1.053946314148112
2025-11-16 07:06:18.704591,2.2024908554804776,3.7120263857317783,3.304165862457719,5.569732481264794,75.12735347664679,1.0376469620913131
2025-11-17 07:06:18.704591,1.3695580228324773,2.090454827382659,3.314320063460333,4.109061218930058,85.53540334643486,1.043678542879459
2025-11-18 07:06:18.704591,2.458930973527388,2.076576356223425,3.1701830247139857,3.467647319058827,79.39809418023201,1.0623154229954228
2025-11-19 07:06:18.704591,3.0610780985063166,2.5080366367290843,2.6132095427483146,5.560591946743564,69.13665226992981,1.0740776887433763
2025-11-20 07:06:18.704591,2.5162326302755735,2.336706462215699,2.980915457543208,4.179872780950747,84.23710838575211,1.04721107448638
2025-11-21 07:06:18.704591,1.2403150170229933,2.156718816995392,2.9985589843637728,4.86514075886439,77.32335907023038,1.0409962147029719
2025-11-22 07:06:18.704591,1.7578829635668742,1.4466678811882816,2.536654124322983,4.2979321843643845,79.54733358847919,1.050010559177132
2025-11-23 07:06:18.704591,2.6334555745933113,2.330027849995197,3.60135932070686,3.918811737451988,81.65990165284508,1.0620241349785824
2025-11-24 07:06:18.704591,1.6461652671906095,3.317417147532524,3.3509449162302687,5.3248776369228725,80.95249839889533,1.0211229036773293
2025-11-25 07:06:18.704591,2.221909714073114,2.9417940323084846,2.9116143304681343,5.455493096181588,83.5472590856952,1.0040763809372553
2025-11-26 07:06:18.704591,2.387317026714668,3.115230638647578,3.010754335597812,4.654093759563969,77.82256814715079,1.0389892630101685
2025-11-27 07:06:18.704591,1.5365347642109586,1.6421490264981704,3.083353123179021,3.445374624713054,82.56552899088041,1.0255857514817168
2025-11-28 07:06:18.704591,1.9702373219691,1.3072766258189934,2.1833060526302837,4.672253331048511,78.70226661208041,1.0398371960470538
2025-11-29 07:06:18.704591,0.3793663299654637,1.9119491559302464,2.901129046991761,5.2350824032415275,83.69405240443751,1.0470443936236506
2025-11-30 07:06:18.704591,1.4878061793328552,2.039007438602086,2.7272063008008804,4.112653058735523,83.07683742006526,1.0409350318195398
2025-12-01 07:06:18.704591,1.8737159243034198,2.765934062929664,2.5993519960420337,5.110015951867493,75.32280648977702,1.079049350689415
2025-12-02 07:06:18.704591,1.3761084090175753,0.8152747591996266,2.887559882845618,4.990814090496203,85.42991058087516,1.0565348952920464
2025-12-03 07:06:18.704591,2.8162056519658174,3.0706852236224296,3.719074610739809,5.347574899760653,77.32018277442975,1.0560094871922165
2025-12-04 07:06:18.704591,1.2849293110196838,1.8893944709947075,3.256337144506804,5.071748221048492,84.04028899140573,1.0624441428808682
2025-12-05 07:06:18.704591,1.779977756651508,1.701183251036806,2.7715284040868813,4.416158635471067,81.8364365670067,1.0272233376443847
2025-12-06 07:06:18.704591,2.0653702886430456,1.2915269373178828,3.2290331125424636,5.717942900998695,89.19091838397561,1.0707822357484054
2025-12-07 07:06:18.704591,2.720636644533058,0.8416003296939616,3.559742174634401,4.904882256183818,78.88267008814074,1.0484847142692908
2025-12-08 07:06:18.704591,1.2820689244102803,2.57621940877334,3.3698534731651075,4.983617276294041,78.25341601940902,1.0634096123448242
2025-12-09 07:06:18.704591,2.58158187607748,2.0513225770318826,3.0238521479680696,4.440039224556083,79.90290197056133,1.028562855339197
2025-12-10 07:06:18.704591,2.0051165305097935,1.0970273701812623,2.7412252889177706,4.734030649285094,78.48410108582863,1.0189248246796787
2025-12-11 07:06:18.704591,1.5092456744760245,1.0934448595554689,3.279289325445436,4.46911837158386,83.99970950971024,1.0663577931605006
2025-12-12 07:06:18.704591,2.231051737131635,1.7649507104969102,3.1573941541687,4.896232364045947,71.91844695781705,1.0575281905219505
2025-12-13 07:06:18.704591,2.099529847786735,3.168315067702575,3.358077288011093,6.027025088085406,74.73158790426822,1.0319589689128499
2025-12-14 07:06:18.704591,1.6998915614206027,1.8182860540454766,3.254068720672788,4.176859314241186,74.66098539210404,1.0326067383745061
2025-12-15 07:06:18.704591,2.0349010424950094,0.9477999328173257,3.419821086127734,4.0318631612739555,84.75153795986787,1.0725086956882954
2025-12-16 07:06:18.704591,1.80734320156912,1.827979855139839,2.785905915375773,5.882702196496165,88.55306686290963,1.0262117621426534
2025-12-17 07:06:18.704591,2.056758672625624,1.8090935011766307,3.52695762625373,4.87440579370888,79.47775390731265,1.0828534590651193
2025-12-18 07:06:18.704591,2.3310653372605232,0.11217934994090006,3.07903984187696,4.59855635680405,79.15589138404995,1.0319875853070426
2025-12-19 07:06:18.704591,2.793008408072676,1.9619935934375314,3.830104349050106,5.623942812437646,80.3502608155659,1.0627678385121677
2025-12-20 07:06:18.704591,1.3810922505865755,1.8383458288539254,2.7243248727641727,4.636630676157882,85.80939151304095,1.0434276304850203
2025-12-21 07:06:18.704591,3.066516687328133,2.4873444553693926,3.6943855212660996,6.0956058281281615,75.36323432904713,1.0620637486216469
2025-12-22 07:06:18.704591,1.023956100238749,3.2942692664617415,3.0791643133850592,5.406755522803562,81.19184491367392,1.0391177199577162
2025-12-23 07:06:18.704591,1.9241074524822084,2.78859552068343,2.739432798554221,4.7072531551125785,84.87598814891214,1.0467441418785541
2025-12-24 07:06:18.704591,2.2941586032422885,1.8117779166116186,2.8064456663782713,6.294384927959302,82.50547084969922,1.0508183835079146
2025-12-25 07:06:18.704591,2.1404959338675162,1.2254318638808308,2.871861076722272,4.6365710461979965,80.94790808299372,1.0299562508843705
2025-12-26 07:06:18.704591,1.6886502400897032,3.801351862274902,3.1696663785607666,5.4452572232055845,85.00523046283571,1.0648164869084025
2025-12-27 07:06:18.704591,1.8959388748213624,2.041452903810142,3.2091341952142,5.179575548243895,66.48383853500381,1.0397357286705684
2025-12-28 07:06:18.704591,1.7534995326705836,2.0097505043390624,2.7705199984245685,5.7810447736392785,83.38937659765453,1.0454280016931996
2025-12-29 07:06:18.704591,1.7053176215278942,1.9831124390229977,2.9902581630956067,5.936906718036112,76.72962158436287,1.0301130125078297
2025-12-30 07:06:18.704591,2.4248010485105125,2.1386593325374985,3.8569081434447456,5.01920248943946,70.84683551571771,0.9987533268240938
2025-12-31 07:06:18.704591,2.1785077429825237,1.8989477116532403,3.6910172680402846,4.54794927779229,82.5560129976249,1.0461794447479966
2026-01-01 07:06:18.704591,1.6535452023696728,1.5984365951838346,3.174529467869613,5.27598328576347,86.86829272581478,1.0982523084322584
2026-01-02 07:06:18.704591,2.4497999377166253,1.6171987411317255,3.01520139126728,4.593370778148737,79.31275742686154,1.0656920857579606
2026-01-03 07:06:18.704591,2.1536497604383045,1.977072710848801,3.0480125306873047,6.208032348515974,84.76437273601469,1.049614792405312
2026-01-04 07:06:18.704591,2.40643105941948,1.6196026602063647,3.2454071890921665,5.081921198649643,88.06139128994323,1.0447421834158348
2026-01-05 07:06:18.704591,2.314814420961806,1.501007952125985,2.5908829739206376,4.7808070692127345,86.57457226792023,1.050449317856241
2026-01-06 07:06:18.704591,1.585502494538964,2.0745011593843277,2.897049385030662,5.110808183518945,88.19982264685697,1.0609423823035042
2026-01-07 07:06:18.704591,1.7199094799015153,1.8215159478054013,2.3325663704489643,4.191724226282182,83.71063745535946,1.0263837436938232
2026-01-08 07:06:18.704591,2.373646802561631,3.052795092007882,3.1596892490421116,4.417031576893609,80.37716819450796,1.0722864338933775
2026-01-09 07:06:18.704591,2.3051851327167325,0.14432113412489178,3.258878375881096,5.720248344766655,71.99017094051416,1.064307626308825
2026-01-10 07:06:18.704591,1.989549203017926,2.7640547963457234,2.8067254150802503,4.605863432617163,78.76968755935026,1.0643637145141587
2026-01-11 07:06:18.704591,2.058663691654391,2.8722596347483402,3.629594705316013,4.371853410390837,75.78376702341905,1.0587695147761946
2026-01-12 07:06:18.704591,2.6388324478942122,0.5486268373142955,2.5096937347990633,5.321991651516372,90.85471358748907,1.0503923331538798
2026-01-13 07:06:18.704591,1.704214305582085,1.760118684143756,2.414250047916072,5.711422492797798,79.12057093783832,1.0634572247193363
2026-01-14 07:06:18.704591,2.273548690585019,1.739991393802946,3.089780727423989,5.43137198639904,80.61602403392243,1.0618362826748275
2026-01-15 07:06:18.704591,1.898903673783053,1.0147418136975253,3.418839321044862,5.59762861148349,82.75742688020233,1.0429191857811795
2026-01-16 07:06:18.704591,1.89115939838639,1.4555283186863872,3.6735710765831477,4.545922946858323,80.21801223186228,1.038527964542062
2026-01-17 07:06:18.704591,2.549388425993595,1.2225969081739199,2.816446294852424,4.146913599954893,88.47525520215376,1.0520371259052397
2026-01-18 07:06:18.704591,2.412708174494015,3.2265893103965357,3.4314723333725183,5.900800191173292,76.88675319132774,1.0809804030299037
2026-01-19 07:06:18.704591,2.4067548180003193,2.654974875203223,2.984596612199717,4.806392096694719,80.97303727618622,1.025217858486922
2026-01-20 07:06:18.704591,2.6527394035771645,2.890088566495911,2.930949080023672,4.849500190126972,76.28764707150975,1.0206494946849511
2026-01-21 07:06:18.704591,2.0105019208163797,2.5051704448302647,3.353463974994669,5.796916485109435,73.39988744389647,1.0532952168247305
2026-01-22 07:06:18.704591,2.3409764856474817,1.2096637601479396,3.2609291513653678,5.333738005640396,76.94115454547358,1.0510177540371204
2026-01-23 07:06:18.704591,1.844866621703272,1.6328358136041585,2.3694431372063,5.2735326632489645,79.81481601475794,1.0534668332874082
2026-01-24 07:06:18.704591,2.162083176244221,2.3425621928595426,3.590616139890358,6.299001406940651,77.8534888774137,1.05487906395817
2026-01-25 07:06:18.704591,1.9349284728161578,1.1445105337756383,3.5520365416589805,4.613889061771914,76.53789510063072,1.045535954907304
2026-01-26 07:06:18.704591,2.048497982496359,2.4990989011206715,2.749774919396188,5.556704076848742,72.96841268164083,1.0797972687720416
2026-01-27 07:06:18.704591,2.2975785127184567,1.8317722212893055,3.1583214133749635,5.034207874938251,79.58447213685653,1.0179819204304696
2026-01-28 07:06:18.704591,1.5908896583832637,1.7376254347152817,3.1976120745130956,5.161155367317954,72.476398129845,1.033430059504395
2026-01-29 07:06:18.704591,3.0461936378427303,2.497671977742444,3.1042695063295627,5.917081055847519,83.80027981844802,1.047934904797019
2026-01-30 07:06:18.704591,1.496991309250149,2.310984318040228,2.7798779384618317,5.304701453773774,80.41219876467251,1.0171362237769166
2026-01-31 07:06:18.704591,1.392905693606134,1.747323683926644,2.7313506528247795,5.32297764742978,72.71224250267535,1.0464829119113586
2026-02-01 07:06:18.704591,2.579055436750034,2.8115308623549735,2.989778371603422,5.643504402385881,78.45395461475069,1.0832294033145604
2026-02-02 07:06:18.704591,2.395831346981468,1.243255670680072,3.4690916077037457,4.781028362274268,76.23921797204709,1.0504177297659192
2026-02-03 07:06:18.704591,2.3120599085260776,2.4311549248609845,3.217440061837773,4.496474199596596,81.5958725520959,1.0546140181143737
2026-02-04 07:06:18.704591,2.31417275463214,2.4151708805778687,2.851754267165558,4.37311448358738,86.70225223011572,1.0247967046965485
2026-02-05 07:06:18.704591,1.9938766135765427,1.7833174924802069,3.308679484259338,3.820186046374399,70.62413765177128,1.0376727718392105
2026-02-06 07:06:18.704591,1.5513728142570842,2.2282931155694827,1.8605829517479697,6.2337242779641935,80.57513039573709,1.0424960723935213
2026-02-07 07:06:18.704591,2.0379022790968633,1.124220496530288,3.459506280148841,4.33807498056699,79.1993360221668,1.0436456980648754
2026-02-08 07:06:18.704591,1.661419144243944,2.6468189134448306,2.30411448848876,4.867247825848537,83.35670038225233,1.0756328759000755
2026-02-09 07:06:18.704591,2.4875598667088754,1.8705685044899076,2.855023623438747,4.833912020066648,81.06598314118844,1.0611538212145026
2026-02-10 07:06:18.704591,1.9264713092489307,1.6340938856366725,2.5521320421495424,5.18444401868546,76.2401533413059,1.0277708408612594
2026-02-11 07:06:18.704591,1.5872514016037442,2.7343064580858223,2.4821274097116377,5.489442327523578,78.4047303216669,1.05493009556864
2026-02-12 07:06:18.704591,1.8393070791735033,1.5069594166200686,3.4643307149514078,5.516284093015847,76.01987071598255,1.0599644349699358
2026-02-13 07:06:18.704591,2.2064657271378123,1.0140770925455083,2.812919519475243,4.650153536858637,85.38003569299299,1.0728029807704254
2026-02-14 07:06:18.704591,1.7181377235980126,0.9103595785332674,3.138601552692286,4.899726971728153,80.10655824335971,1.0816108137313676
2026-02-15 07:06:18.704591,1.5888898022167843,2.4242069659419476,2.9812317684483265,5.16954797029298,89.50595342876504,1.0296981161634426
2026-02-16 07:06:18.704591,2.121843605745956,1.1036994532526019,3.1908163308892488,4.8507853242898715,79.6966959309269,1.0337828497757933
2026-02-17 07:06:18.704591,2.1224832855543614,3.228355927389055,3.0307287564241023,5.9644073456119955,76.45796616544769,1.0248484428217077
2026-02-18 07:06:18.704591,1.7465284123144351,0.5426494144813947,2.4868031103245722,5.2945849709829504,72.43142803693587,1.0453196028178604
2026-02-19 07:06:18.704591,1.7644808471908386,3.1875194578030266,3.398506727778856,5.4409266716298905,70.98430161872028,1.0593271674889266
2026-02-20 07:06:18.704591,2.116024968678818,2.1477122270418327,2.802497366735475,5.397728761200447,72.07932028497255,1.069746690331782
2026-02-21 07:06:18.704591,1.2759578292513378,1.9323008216907254,2.3773672405360995,5.704084314491195,81.33563325505742,1.0484809795271497
2026-02-22 07:06:18.704591,1.2962681128117224,1.6185566392337352,2.828753935613635,5.108612935222224,82.54362511614967,1.0436030495349031
2026-02-23 07:06:18.704591,1.640777889373782,2.2793952800464496,3.6003039162537243,4.221900831226492,72.09404648983933,1.0530351598449748
2026-02-24 07:06:18.704591,1.8932764241440765,1.973655708302606,3.340088696845397,5.239812771051585,84.47519157038057,1.0332971419673995
2026-02-25 07:06:18.704591,2.155453782799002,2.772311317411565,2.860539146236856,4.609185863724902,77.58469474158281,1.0917907744338955
2026-02-26 07:06:18.704591,2.737678108474776,2.0799593540634276,2.8602969182726286,4.682829990950146,80.73396505992774,1.017846779457639
2026-02-27 07:06:18.704591,2.42882981160101,2.105211233023314,2.871345979513047,5.351818411253056,88.06110314127713,1.0536948115779146
2026-02-28 07:06:18.704591,1.9200307350182864,1.745471451450301,3.830699193424336,5.742969842860181,84.48419657932766,1.0904721243845927
2026-03-01 07:06:18.704591,1.9904918960486555,1.9601380633952528,3.1527741808926213,5.012762946041637,78.65734676047084,1.0501359968912
2026-03-02 07:06:18.704591,1.4987353176810956,2.2154612382244414,3.172016658876428,5.185299807559378,75.54403887292357,1.04619921929997
2026-03-03 07:06:18.704591,1.990743432003805,0.8028821251403622,3.4121133816127367,6.021328966781143,69.24092299335348,1.0428510915437914
2026-03-04 07:06:18.704591,1.8556706805399308,1.056270204526001,3.0955156636106054,5.144451907693141,76.4042334037879,1.046392166364752
2026-03-05 07:06:18.704591,2.161359280169045,2.5202848658159005,2.896383141671719,6.561009868508237,78.94434880586152,1.0774569694935305
2026-03-06 07:06:18.704591,1.5863845282238385,2.119605806689559,2.921460060366009,5.339305787378926,75.06410236424408,1.00576276177341
2026-03-07 07:06:18.704591,2.259673257120586,1.8712116645531247,2.9713594962343746,3.9435423445065094,79.34371516453848,1.0806686740259266
2026-03-08 07:06:18.704591,2.766369456501289,2.012903753145775,2.9851111053960633,5.45200497266272,80.38425941479385,1.021520856950997
2026-03-09 07:06:18.704591,1.9456199257715712,2.2433071937531697,3.291051817454792,5.228695030929667,78.8757200909596,1.0446669534153117
2026-03-10 07:06:18.704591,2.2008558610494706,1.622168223783447,3.02077835432292,5.773851652449648,76.7499870958827,1.0414151115940269
2026-03-11 07:06:18.704591,2.345071995855556,1.4551866922183812,3.2930560308862318,5.403908810761975,80.84327335983363,1.0617710653954144
